source,target,value
department,product,0.6365763415537814
department,cart,0.24204051180283107
department,cancel,0.12138314664338752
product,department,0.3948509917688047
product,cart,0.43133961661785325
product,cancel,0.17380939161334202
cart,department,0.2720061258808456
cart,product,0.5403637491992312
cart,cancel,0.18763012491992312
cancel,department,0.25916425246428026
cancel,product,0.4913133559954437
cancel,cart,0.24952239154027608
