continent,total_margin,orders_count,cities_covered
Asia,7002436.475423373,52169,538
North_America,3717629.5331491916,27505,2386
Europe,3186982.8306608195,23651,3526
South_America,2465385.8400984937,18228,732
Oceania,381688.4367894992,2878,363
Africa,315537.4424807032,2345,413
