continent,total_returns,total_orders,avg_return_rate
Africa,115,1060,0.10849056603773585
Europe,1196,11864,0.10080917060013486
South_America,1667,16650,0.10012012012012012
Asia_Japan_Australia,5328,53373,0.09982575459501995
North_America,1887,18914,0.09976736808713123
