traffic_source,absolute_margin,percentage
Search,8836403.411038745,69.93937931938775
Organic,1913959.348419936,15.148824996356108
Facebook,745436.5179300358,5.9000664592681495
Email,621832.925950304,4.921754571208584
Display,516742.7325409467,4.0899746537793895
